Model,Test_RMSE,Test_MAE
OLS regression,23057.400920985998,13013.171865388616
Bayesian hierarchical model,24052.78842522088,13429.060401982097
