parameter,value
age_mean,8.527521476296531
age_sd,6.057053413254512
log_mileage_mean,10.66163933993378
log_mileage_sd,1.1287030685663528
y_mean,10.252520841275668
