parameter,baseline_mean,alt_mean,diff
sigma,0.4368302947155274,0.4368353615388745,5.066823347055216e-6
sigma_alpha,0.34505350261073664,0.3460521109020258,9.986082912891714e-4
mu_alpha,0.29592657134443806,0.29443384508878606,-0.0014927262556519993
beta[1],-0.36312470343131165,-0.3628008954095163,3.238080217953243e-4
beta[2],-0.282170951807545,-0.2822467773462605,-7.582553871554598e-5
beta[3],-0.5423626840553603,-0.538218828939094,0.0041438551162662485
