model,waic,se
baseline_beta_N02,3759.8874498788155,100.71764668462626
alternative_beta_N01,3759.538745736574,100.67461436884919
