model,elpd_diff,se_diff,elpd_loo,se_elpd_loo,p_loo,se_p_loo,looic,se_looic
alternative_beta_prior,0,0,-1879.8587259934404,50.33884376330298,46.971758651291154,2.0390603384629866,3759.717451986881,100.67768752660596
baseline,-0.19477147236443315,0.1480659506870344,-1880.0534974658033,50.36067852573391,47.09312489136948,2.062856384637105,3760.1069949316066,100.72135705146782
