model,mean_deviance,penalty_pD,DIC
baseline_beta_N02,1.1808045369794435,0.01550427665950587,1.1963088136389495
alternative_beta_N01,1.1807429550005093,0.015550087967428483,1.1962930429679377
