parameter,posterior_mean,posterior_sd,ess,mcse,mcse_over_sd
sigma,0.4368302947155274,0.00558225561639625,6123.579390418936,7.137430442525779e-5,0.012785925498577412
sigma_alpha,0.34505350261073664,0.046686069070239714,6000,6.028027252126795e-4,0.012911832956117081
mu_alpha,0.29592657134443806,0.0823734082549314,767.4714843072306,0.003012161009579908,0.036567152839637185
beta[1],-0.36312470343131165,0.010872679247312006,5766.829763191033,1.4329065913876938e-4,0.01317896498916717
beta[2],-0.282170951807545,0.010517908180394995,5302.1640587331385,1.4471199676656217e-4,0.013758629024381498
beta[3],-0.5423626840553603,0.06337851348202755,631.8627561122071,0.0025363800946001476,0.040019557974003236
